{"10": {"train_loss": [10.379506330490113, 10.122566938400269, 9.56499080657959, 8.834944648742676, 8.681950860023498, 8.309361495971679, 8.20950852394104, 8.069483618736268, 7.962731924057007, 7.853141832351684, 7.769218707084656, 7.671281576156616, 7.630540628433227, 7.597528028488159, 7.5493629455566404, 7.482809290885926, 7.460172114372253, 7.412647304534912, 7.361669383049011, 7.326550993919373, 7.292960848808288, 7.2676034355163575, 7.252483749389649, 7.224936227798462, 7.192138447761535, 7.179558305740357, 7.151142334938049, 7.13128092288971, 7.121004157066345, 7.097446503639222, 7.087346262931824, 7.0701798057556156, 7.049723105430603, 7.034600782394409, 7.0279327535629275, 7.010052256584167, 6.988631935119629, 6.986502285003662, 6.976463241577148, 6.96279465675354, 6.951837482452393, 6.936143393516541, 6.932555303573609, 6.913988542556763, 6.905629329681396, 6.897696471214294, 6.886054534912109, 6.878871684074402, 6.870773258209229, 6.8656305408477785, 6.858358879089355, 6.849865918159485, 6.838286633491516, 6.835897154808045, 6.829063243865967, 6.818362598419189, 6.807963719367981, 6.800567088127136, 6.7972521257400516, 6.7956692457199095], "val_loss": [10.242817373836742, 9.758336852578555, 8.984715742223402, 8.606479252085967, 8.262367248535156, 8.107020546408261, 7.9275913799510285, 7.832829699796789, 7.7242222393260285, 7.654564016005573, 7.571668512680951, 7.515166030210607, 7.482853384578929, 7.433501888723934, 7.357900843900793, 7.312944496379179, 7.274009171654196, 7.220060432658476, 7.184472336488612, 7.156122151543112, 7.131006437189439, 7.116693075965433, 7.09237143572639, 7.055606982287238, 7.024180945228128, 7.001262244056253, 6.978390665615306, 6.966286855585435, 6.950912559733672, 6.934028148651123, 6.92293119430542, 6.907794727998621, 6.892881421481862, 6.878087408402386, 6.85879586724674, 6.8418928595150215, 6.829076374278349, 6.816559959860409, 6.804355733534869, 6.795672304490033, 6.783682290245505, 6.774932945475859, 6.763462992275462, 6.75341339672313, 6.743640815510469, 6.734123005586512, 6.725481650408576, 6.713721331428079, 6.7070000872892495, 6.699339642244227, 6.693058939541087, 6.683316118576947, 6.677552756141214, 6.669773690840778, 6.661900604472441, 6.653253218706916, 6.648671963635613, 6.641572559581084, 6.634379106409409, 6.626262945287368], "train_ppl": [32193.06483338303, 24898.602052335587, 14256.821980020639, 6870.173562617941, 5895.53674680594, 4061.7187318014253, 3675.7354862682955, 3195.451331774193, 2871.9080799199073, 2573.808100513206, 2366.621541208829, 2145.8297280203556, 2060.1635017863873, 1993.2625118799156, 1899.5322403521657, 1777.2265157093245, 1737.447071227809, 1656.8066180238397, 1574.4627517193405, 1520.1297832605308, 1469.9164608560222, 1433.1117893773285, 1411.606574667286, 1373.2510375947666, 1328.9420423089819, 1312.3284822558458, 1275.562242546435, 1250.477707000046, 1237.6926474901989, 1208.8762688383986, 1196.727782134647, 1176.3595314488246, 1152.5395666493378, 1135.2416132766389, 1127.6969713680144, 1107.7123886539584, 1084.237154320299, 1081.9305655241913, 1071.1233553829406, 1056.5822197094492, 1045.0682595951557, 1028.7948971987964, 1025.1101032142246, 1006.2527307890954, 997.8763089288962, 989.9916128403295, 978.5330230495742, 971.5295488714513, 963.6934616568903, 958.7501804044696, 951.8037600003794, 943.7543578665224, 932.8893832149129, 930.6629250162365, 924.3245401166392, 914.4864020240694, 905.0260423542818, 898.3565945856693, 895.383506824079, 893.9673432649471], "val_ppl": [28080.12680105791, 17297.83888219823, 7980.175975141075, 5466.9669421949675, 3875.2569471659467, 3317.678420617504, 2772.740277275391, 2522.055946832331, 2262.49222550214, 2110.254881313011, 1942.3784624303612, 1835.6722280406277, 1777.3048819174207, 1691.7214326936228, 1568.5404933422803, 1499.5862210148307, 1442.3213910032882, 1366.5716437702965, 1318.7931756114758, 1281.930150931034, 1250.1345158536512, 1232.3683391176723, 1202.7566814714041, 1159.3409571820728, 1123.4739953236415, 1098.0182510931659, 1073.1898551568593, 1060.2784651584898, 1044.102099100016, 1026.621044001368, 1015.2916542665179, 1000.0394497946078, 985.2362119234788, 970.7679005917759, 952.2197778624726, 936.2596665349155, 924.3366769587077, 912.839398496329, 901.7666047530415, 893.9700777097303, 883.3153664571806, 875.6206467400759, 865.6346975644248, 856.9789850110898, 848.64487748168, 840.6059540039123, 833.3732744741409, 823.6299435719484, 818.1126878227931, 811.8695237749392, 806.786392191118, 798.9641838785013, 794.3727075939429, 788.2172035038988, 782.0358664134968, 775.3024557526865, 771.7587210197935, 766.2990969962328, 760.8065392397, 754.6567010817209], "best_model_file": "hidden_10_model_59.pt"}, "100": {"train_loss": [10.370509958267212, 9.894643287658692, 8.803285026550293, 8.176302881240845, 7.9408928537368775, 7.713316655158996, 7.620921497344971, 7.49204948425293, 7.410328598022461, 7.311756563186646, 7.262017168998718, 7.166312642097473, 7.098703656196594, 7.036328372955322, 6.981845178604126, 6.924102907180786, 6.87861834526062, 6.8347356462478634, 6.792394633293152, 6.751822619438172, 6.711659846305847, 6.672522382736206, 6.641998496055603, 6.608274579048157, 6.573810214996338, 6.539304494857788, 6.514974665641785, 6.482952184677124, 6.460020418167114, 6.4320264291763305, 6.409982552528382, 6.3826788139343265, 6.3645465421676635, 6.336679315567016, 6.316505303382874, 6.297067527770996, 6.27892737865448, 6.26151547908783, 6.249539151191711, 6.226984367370606, 6.208359599113464, 6.195538892745971, 6.179470624923706, 6.172787799835205, 6.152639741897583, 6.1401551771163945, 6.129289107322693, 6.119284958839416, 6.1081623935699465, 6.09056978225708, 6.0799551105499265, 6.068982820510865, 6.064093642234802, 6.049108324050903, 6.042449321746826, 6.0307409286499025, 6.027143611907959, 6.013920941352844, 6.003190965652466, 6.00438515663147], "val_loss": [10.132434059591855, 9.023623185999254, 8.12198257446289, 7.8591603391310745, 7.649385564467487, 7.521581313189338, 7.381859807407155, 7.257723668042352, 7.18550443649292, 7.125926831189324, 7.049747579237994, 6.969206108766444, 6.908474473392262, 6.834241025588092, 6.784279514761532, 6.739062197068158, 6.704254458932316, 6.656661538516774, 6.61761194116929, 6.571774622973273, 6.53261344573077, 6.492027983945959, 6.459603057188146, 6.430869831758387, 6.394699713763068, 6.3643935427946206, 6.336689977084889, 6.317740889156566, 6.293724144206328, 6.2678538210251755, 6.243082242853501, 6.22293197407442, 6.203292818630443, 6.1841296027688415, 6.163146832410027, 6.144930110258215, 6.130714837242575, 6.114821630365708, 6.097275229061351, 6.081170222338508, 6.068642504074994, 6.054810439839082, 6.042161156149471, 6.025585202609792, 6.013855289010441, 6.003441109376795, 5.992218157824348, 5.979143142700195, 5.970240228316364, 5.9636341263266175, 5.953864770777085, 5.943541975582347, 5.936305326573989, 5.92700408486759, 5.919414492214427, 5.910196220173555, 5.903521790223963, 5.896602686713724, 5.885659694671631, 5.8816905582652375],