{"train_loss": [10.366696004867554, 9.71826566696167, 8.496814746856689, 8.106339387893676, 7.782329115867615, 7.636332764625549, 7.496066837310791, 7.386081690788269, 7.290425915718078, 7.195190773010254, 7.122456064224243, 7.026219606399536, 6.9646573781967165, 6.891202564239502, 6.835794596672058, 6.771429409980774, 6.719608044624328, 6.653506102561951, 6.607997484207154, 6.552648167610169, 6.5110417127609255, 6.462422132492065, 6.417656917572021, 6.381141705513, 6.346863040924072, 6.314628872871399, 6.277297587394714, 6.245785050392151, 6.218678421974182, 6.195531406402588, 6.16236421585083, 6.13959792137146, 6.11550528049469, 6.0978234672546385, 6.075648150444031, 6.049468226432801, 6.0376194477081295, 6.011195163726807, 5.994578890800476, 5.976656494140625, 5.963066091537476, 5.944374146461487, 5.925886359214783, 5.912328901290894, 5.902402548789978, 5.892559518814087, 5.870338487625122, 5.85909031867981, 5.844837355613708, 5.83108998298645, 5.828293323516846, 5.809958343505859, 5.804988741874695, 5.790565490722656, 5.778263578414917, 5.766565222740173, 5.7547233247756955, 5.7471214246749875, 5.731922664642334, 5.72197308063507], "val_loss": [10.06159008250517, 8.793247559491325, 8.084880099577063, 7.761510484358844, 7.591399865991929, 7.384756789487951, 7.296888828277588, 7.16022009008071, 7.092040538787842, 7.0007344694698554, 6.909913680132697, 6.830026710734648, 6.76528543584487, 6.718396888059728, 6.636859893798828, 6.577667068032658, 6.5182554301093605, 6.468963959637811, 6.414119496065028, 6.368923439699061, 6.327646003049963, 6.2863368427052215, 6.239454858443317, 6.211450997520895, 6.179325384252212, 6.144728211795583, 6.118672398959889, 6.092351576861213, 6.063871664159438, 6.041148690616383, 6.016063241397633, 5.992002795724308, 5.973119427176083, 5.952184649074779, 5.930882089278278, 5.91597458895515, 5.902133464813232, 5.886322133681354, 5.873109480913947, 5.857138241038603, 5.843900708591237, 5.830987818100873, 5.817511642680449, 5.805708913242116, 5.796958334305707, 5.782638437607709, 5.77559622596292, 5.763891528634464, 5.754685710458195, 5.747547682593851, 5.7360678841086, 5.727487704333137, 5.717768528882195, 5.712832198423498, 5.7028128119076, 5.694305840660544, 5.688131472643684, 5.679433261646944, 5.67291534648222, 5.666566764607149], "train_ppl": [31783.291459044904, 16618.397885162423, 4899.138963174397, 3315.4193252010323, 2397.853199605398, 2072.1308742351216, 1800.9450561729518, 1613.3720211202594, 1466.195039749092, 1333.0046026323969, 1239.490967485295, 1125.7667143795813, 1058.552172233384, 983.5835286714617, 930.5674828556836, 872.558246470534, 828.4927156592868, 775.4985420189951, 740.9976724567557, 701.0983435811671, 672.5266323914517, 640.6108232315063, 612.5661383518826, 590.6016160038081, 570.6996366818865, 552.5969388156179, 532.3480939956249, 515.8340217141548, 502.03930928477473, 490.5520582506668, 474.54868515395407, 463.8670223420353, 452.8247931114189, 444.8884013602237, 435.1314417741281, 423.88755790125794, 418.8946463896389, 407.97062070146393, 401.24767931965636, 394.1204188261673, 388.8003961684253, 381.6004605484927, 374.6103275664766, 369.5658363180793, 365.9155425783436, 362.3314928154724, 354.3689094599267, 350.405241889206, 345.4463523017864, 340.729866498468, 339.77829232542155, 333.6052285608683, 331.9514561714212, 327.1979995033733, 323.1974957811116, 319.438645572546, 315.6781951051988, 313.28753927819014, 308.5619595912855, 305.5071188510966], "val_ppl": [23425.725609948924, 6589.597574133352, 3245.0307317196643, 2348.4492233763035, 1981.084826836283, 1611.2358778335642, 1475.7016170850238, 1287.1942004080104, 1202.3587588070136, 1097.4388978622426, 1002.1607321751178, 925.2155253353973, 867.213706342623, 827.4898886808184, 762.6962815633246, 718.8603192837494, 677.3955899545376, 644.815326075727, 610.4030618319332, 583.4293937541133, 559.8371864922884, 537.1819385953893, 512.5790066474407, 498.42393875063465, 482.6662322546314, 466.25290979959124, 454.26121633575383, 442.4606689908986, 430.03717745996147, 420.3756392041935, 409.96149530488077, 400.21535739924224, 392.7288509977898, 384.5926218736417, 376.4864620708307, 370.915616872835, 365.81709381507966, 360.0785253661991, 355.352225081111, 349.7218908452979, 345.1229424885425, 340.695057648796, 336.1345891415082, 332.1906042089782, 329.29642544267296, 324.6145367338286, 322.33656286446865, 318.58570510780316, 315.6663213086537, 313.42110903825, 309.84367128557807, 307.1965295995179, 304.2252949947533, 302.72723889670846, 299.7092421667214, 297.1704383375004, 295.34125153486156, 292.7834512827805, 290.88131928722663, 289.0404849424014], "best_model_file": "_model_59.pt"}